,Kinga,16,18,18
,Kinga,75,64,112
,Kinga,73,48,112
,Kinga,78,64,112
,Kinga,71,48,80
,Kinga,65,96,240
,Kinga,9,80,624
,Kinga,16,32,32
,Kinga,73,64,160
,Kinga,84,64,80
,Kinga,32,48,128
,Kinga,73,64,48
,Kinga,83,96,1
,Kinga,32,79,160
,Kinga,78,48,128
,Kinga,79,64,209
,Kinga,84,95,48
,Kinga,32,48,272
,Kinga,84,80,48
,Kinga,72,80,48
,Kinga,69,96,64
,Kinga,32,64,128
,Kinga,67,112,288
,Kinga,82,80,64
,Kinga,73,96,144
,Kinga,84,80,112
,Kinga,73,80,192
,Kinga,67,96,80
,Kinga,32,144,112
,Kinga,87,64,64
,Kinga,72,64,96
,Kinga,79,112,272
,Kinga,32,128,273
,Kinga,67,95,320
,Kinga,8,48,768
,Kinga,67,64,32
,Kinga,79,64,80
,Kinga,85,48,128
,Kinga,78,64,80
,Kinga,84,48,161
,Kinga,83,127,64
,Kinga,32,112,592
,Kinga,78,128,128
,Kinga,79,112,80
,Kinga,84,48,80
,Kinga,32,32,224
,Kinga,72,80,82
,Kinga,69,94,16
,Kinga,32,80,128
,Kinga,77,96,33
,Kinga,65,95,1
,Kinga,78,63,144
,Kinga,32,80,912
,Kinga,87,64,320
,Kinga,72,80,64
,Kinga,79,80,112
,Kinga,32,80,224
,Kinga,80,32,32
,Kinga,79,96,112
,Kinga,73,96,80
,Kinga,78,64,128
,Kinga,84,64,224
,Kinga,83,96,48
,Kinga,32,48,624
,Kinga,79,64,144
,Kinga,85,80,208
,Kinga,84,16,16
,Kinga,32,97,159
,Kinga,72,80,80
,Kinga,79,112,16
,Kinga,87,96,80
,Kinga,32,128,672
,Kinga,84,64,80
,Kinga,72,96,48
,Kinga,69,80,32
,Kinga,32,80,64
,Kinga,83,80,112
,Kinga,84,80,64
,Kinga,82,81,32
,Kinga,79,79,96
,Kinga,78,80,368
,Kinga,71,64,129
,Kinga,32,127,128
,Kinga,77,112,16
,Kinga,65,96,1
,Kinga,78,63,96
,Kinga,32,112,224
,Kinga,83,64,192
,Kinga,84,64,48
,Kinga,85,64,128
,Kinga,77,80,96
,Kinga,66,64,144
,Kinga,76,96,16
,Kinga,69,80,128
,Kinga,83,96,1
,Kinga,32,63,112
,Kinga,79,96,80
,Kinga,82,80,16
,Kinga,32,80,144
,Kinga,72,64,256
,Kinga,8,80,176
,Kinga,87,48,48
,Kinga,72,49,63
,Kinga,69,80,128
,Kinga,82,112,32
,Kinga,69,96,32
,Kinga,32,80,304
,Kinga,84,64,48
,Kinga,72,96,48
,Kinga,69,80,16
,Kinga,32,112,80
,Kinga,68,112,0
,Kinga,79,64,112
,Kinga,69,96,80
,Kinga,82,81,287
,Kinga,32,112,208
,Kinga,79,64,320
,Kinga,68,80,96
,Kinga,32,96,352
,Kinga,8,64,80
,Kinga,8,64,64
,Kinga,70,64,1
,Kinga,32,95,208
,Kinga,70,32,240
,Kinga,8,80,128
,Kinga,68,80,128
,Kinga,69,32,80
,Kinga,69,80,81
,Kinga,68,111,304
,Kinga,83,80,96
,Kinga,32,80,432
,Kinga,67,80,64
,Kinga,79,64,144
,Kinga,85,48,144
,Kinga,76,64,144
,Kinga,68,48,32
,Kinga,32,48,192
,Kinga,72,64,48
,Kinga,65,82,78
,Kinga,86,80,64
,Kinga,69,96,32
,Kinga,32,80,96
,Kinga,68,112,32
,Kinga,79,64,128
,Kinga,78,65,33
,Kinga,69,78,48
,Kinga,32,79,81
,Kinga,84,64,64
,Kinga,72,80,48
,Kinga,69,96,32
,Kinga,77,48,96
,Kinga,32,80,113
,Kinga,66,79,48
,Kinga,69,64,160
,Kinga,84,80,96
,Kinga,84,96,64
,Kinga,69,144,1
,Kinga,82,95,17
,Kinga,32,94,337
,Kinga,16,49,49
,Kinga,84,71,138
,Kinga,72,63,32
,Kinga,69,96,144
,Kinga,32,79,33
,Kinga,67,112,160
,Kinga,82,112,224
,Kinga,69,96,160
,Kinga,68,96,96
,Kinga,73,80,48
,Kinga,84,64,176
,Kinga,32,112,176
,Kinga,66,64,97
,Kinga,69,63,32
,Kinga,76,64,128
,Kinga,79,48,128
,Kinga,78,65,255
,Kinga,71,112,128
,Kinga,83,112,19
,Kinga,32,77,288
,Kinga,84,64,32
,Kinga,79,80,80
,Kinga,32,96,16
,Kinga,84,80,80
,Kinga,72,64,64
,Kinga,69,80,32
,Kinga,32,64,128
,Kinga,77,113,63
,Kinga,65,96,19
,Kinga,78,77,112
,Kinga,32,95,177
,Kinga,87,80,384
,Kinga,72,64,416
,Kinga,32,144,144
,Kinga,73,64,224
,Kinga,83,96,32
,Kinga,32,79,97
,Kinga,65,96,96
,Kinga,67,64,128
,Kinga,84,64,48
,Kinga,85,64,112
,Kinga,65,96,21
,Kinga,76,59,96
,Kinga,76,80,128
,Kinga,89,80,112
,Kinga,32,95,401
,Kinga,73,64,96
,Kinga,78,48,96
,Kinga,32,79,32
,Kinga,84,48,49
,Kinga,72,64,79
,Kinga,69,97,32
,Kinga,32,63,97
,Kinga,65,144,144
,Kinga,82,128,16
,Kinga,69,96,80
,Kinga,78,96,48
,Kinga,65,128,1
,Kinga,32,78,96
,Kinga,87,81,96
,Kinga,72,64,256
,Kinga,83,64,80
,Kinga,79,64,177
,Kinga,69,79,48
,Kinga,32,79,289
,Kinga,70,64,96
,Kinga,65,112,80
,Kinga,67,80,48
,Kinga,69,112,48
,Kinga,32,79,113
,Kinga,73,112,47
,Kinga,83,81,1
,Kinga,32,78,129
,Kinga,77,96,1
,Kinga,65,111,208
,Kinga,82,48,112
,Kinga,82,96,32
,Kinga,69,59900,191
,Kinga,32,79,129
,Kinga,66,160,0
,Kinga,89,128,160
,Kinga,32,111,257
,Kinga,68,95,48
,Kinga,85,81,64
,Kinga,83,96,48
,Kinga,84,80,160
,Kinga,32,111,113
,Kinga,65,144,19
,Kinga,78,77,80
,Kinga,68,112,32
,Kinga,32,79,769
,Kinga,83,96,304
,Kinga,69,96,432
,Kinga,65,176,0
,Kinga,84,79,97
,Kinga,32,79,225
,Kinga,65,128,18
,Kinga,78,78,224
,Kinga,68,113,79
,Kinga,32,96,544
,Kinga,66,64,18
,Kinga,76,78,128
,Kinga,79,49,95
,Kinga,79,79,625
,Kinga,68,80,256
,Kinga,188,80,112
,Kinga,32,63,128
,Kinga,87,114,62
,Kinga,72,49,112
,Kinga,79,80,112
,Kinga,32,64,0
,Kinga,83,79,193
,Kinga,84,80,160
,Kinga,82,112,624
,Kinga,73,80,176
,Kinga,86,96,177
,Kinga,69,63,176
,Kinga,83,80,96
,Kinga,32,63,465
,Kinga,86,64,146
,Kinga,76,78,78
,Kinga,65,79,143
,Kinga,73,32,32
,Kinga,65,95,113
,Kinga,78,64,96
,Kinga,84,80,176
,Kinga,76,96,63
,Kinga,89,81,80
,Kinga,32,111,385
,Kinga,8,63,161
,Kinga,76,48,304
,Kinga,8,64,400
,Kinga,32,80,96
,Kinga,87,80,384
,Kinga,72,48,112
,Kinga,79,81,127
,Kinga,32,80,63
,Kinga,69,80,161
,Kinga,82,32,95
,Kinga,82,97,112
,Kinga,83,112,65
,Kinga,32,94,128
,Kinga,87,81,80
,Kinga,72,80,112
,Kinga,79,81,143
,Kinga,32,47,337
,Kinga,67,96,0
,Kinga,79,63,113
,Kinga,77,80,31
,Kinga,69,97,128
,Kinga,83,128,32
,Kinga,32,111,209
,Kinga,83,80,400
,Kinga,72,64,112
,Kinga,79,96,23
,Kinga,82,72,80
,Kinga,84,81,47
,Kinga,32,80,144
,Kinga,65,129,383
,Kinga,70,81,48
,Kinga,65,96,192
,Kinga,8,64,96
,Kinga,8,64,64
,Kinga,71,96,128
,Kinga,65,48,48
,Kinga,73,79,113
,Kinga,78,64,96
,Kinga,32,63,32
,Kinga,65,96,1
,Kinga,78,48,112
,Kinga,68,80,31
,Kinga,32,80,545
,Kinga,65,80,128
,Kinga,71,80,240
,Kinga,73,81,143
,Kinga,78,64,128
,Kinga,32,80,1230
,Kinga,66,64,48
,Kinga,69,64,129
,Kinga,65,95,65
,Kinga,67,95,192
,Kinga,85,80,176
,Kinga,83,80,96
,Kinga,69,80,63
,Kinga,32,64,257
,Kinga,84,96,47
,Kinga,72,97,47
,Kinga,69,80,20
,Kinga,32,76,465
,Kinga,73,64,80
,Kinga,83,96,64
,Kinga,69,64,1
,Kinga,32,62,128
,Kinga,78,48,129
,Kinga,79,64,160
,Kinga,32,79,80
,Kinga,69,64,161
,Kinga,70,32,96
,Kinga,70,112,31
,Kinga,79,97,47
,Kinga,82,97,96
,Kinga,32,111,305
,Kinga,87,96,81
,Kinga,72,46,273
,Kinga,8,64,144
,Kinga,73,64,63
,Kinga,84,65,95
,Kinga,72,65,47
,Kinga,79,65,112
,Kinga,85,64,912
,Kinga,89,64,208
,Kinga,32,63,544
,Kinga,69,65,176
,Kinga,82,64,79
,Kinga,82,81,63
,Kinga,79,81,47
,Kinga,82,81,96
,Kinga,32,95,160
,Kinga,65,32,32
,Kinga,78,97,64
,Kinga,68,112,47
,Kinga,32,80,177
,Kinga,83,80,96
,Kinga,72,64,128
,Kinga,79,79,16
,Kinga,82,48,130
,Kinga,84,110,113
,Kinga,32,79,176
,Kinga,67,97,32
,Kinga,79,111,129
,Kinga,77,144,27
,Kinga,73,101,95
,Kinga,78,81,304
,Kinga,71,64,144
,Kinga,188,64,112
,Kinga,32,95,128
,Kinga,66,80,96
,Kinga,85,96,96
,Kinga,84,65,63
,Kinga,32,80,433
,Kinga,87,112,21
,Kinga,72,59,144
,Kinga,79,48,128
,Kinga,32,79,64
,Kinga,68,96,48
,Kinga,79,80,32
,Kinga,69,80,129
,Kinga,65,128,79
,Kinga,83,96,145
,Kinga,32,79,385
,Kinga,65,96,128
,Kinga,67,63,161
,Kinga,84,64,64
,Kinga,85,63,96
,Kinga,65,81,47
,Kinga,76,49,95
,Kinga,76,64,160
,Kinga,89,129,240
,Kinga,32,95,256
,Kinga,83,64,176
,Kinga,84,80,64
,Kinga,82,97,47
,Kinga,73,80,320
,Kinga,86,113,79
,Kinga,69,81,223
,Kinga,32,128,561
,Kinga,84,79,37
,Kinga,79,91,80
,Kinga,32,96,192
,Kinga,68,82,47
,Kinga,79,95,112
,Kinga,32,112,945
,Kinga,84,80,432
,Kinga,72,95,80
,Kinga,69,96,48
,Kinga,32,96,593
,Kinga,66,80,0
,Kinga,69,79,80
,Kinga,83,82,127
,Kinga,84,63,48
,Kinga,32,80,256
,Kinga,78,64,256
,Kinga,8,80,144
,Kinga,75,48,128
,Kinga,78,64,112
,Kinga,79,80,32
,Kinga,87,98,222
,Kinga,83,96,80
,Kinga,32,96,192
,Kinga,73,80,96
,Kinga,78,49,95
,Kinga,32,112,80
,Kinga,84,64,65
,Kinga,72,79,64
,Kinga,69,80,1
,Kinga,32,79,176
,Kinga,69,48,48
,Kinga,78,88,120
,Kinga,68,96,32
,Kinga,32,80,240
,Kinga,65,16,16
,Kinga,78,80,401
,Kinga,70,47,240
,Kinga,8,96,48
,Kinga,68,80,48
,Kinga,32,96,33
,Kinga,84,63,48
,Kinga,72,80,64
,Kinga,69,114,32
,Kinga,32,62,112
,Kinga,84,80,432
,Kinga,89,64,353
,Kinga,85,63,128
,Kinga,77,64,144
,Kinga,80,80,240
,Kinga,72,80,144
,Kinga,32,96,576
,Kinga,79,64,96
,Kinga,70,112,34
,Kinga,32,79,271
,Kinga,72,64,64
,Kinga,73,96,192
,Kinga,71,64,96
,Kinga,72,64,240
,Kinga,32,112,1010
,Kinga,78,48,59600
,Kinga,8,96,128
,Kinga,65,112,144
,Kinga,67,16,16
,Kinga,72,64,112
,Kinga,73,80,33
,Kinga,69,63,160
,Kinga,86,96,80
,Kinga,69,112,96
,Kinga,77,128,112
,Kinga,69,112,48
,Kinga,78,64,96
,Kinga,84,112,240
,Kinga,83,160,241
,Kinga,32,95,208
,Kinga,65,96,64
,Kinga,78,80,128
,Patryk,65,79,208
,Patryk,84,177,335
,Patryk,75,64,111
,Patryk,82,128,97
,Patryk,16,798,0
,Patryk,80,65,4
,Patryk,89,64,192
,Patryk,9,79,690
,Patryk,16,208,303
,Patryk,73,63,192
,Patryk,84,80,240
,Patryk,32,80,144
,Patryk,73,64,352
,Patryk,83,80,127
,Patryk,32,64,145
,Patryk,78,63,144
,Patryk,79,64,208
,Patryk,84,64,111
,Patryk,32,94,67
,Patryk,84,65,285
,Patryk,72,47,193
,Patryk,69,80,175
,Patryk,32,79,82
,Patryk,87,63,239
,Patryk,8,96,640
,Patryk,67,63,288
,Patryk,82,64,608
,Patryk,8,79,320
,Patryk,82,48,511
,Patryk,73,64,112
,Patryk,84,80,208
,Patryk,73,64,192
,Patryk,67,80,177
,Patryk,32,64,176
,Patryk,87,48,192
,Patryk,72,63,112
,Patryk,79,64,351
,Patryk,32,79,161
,Patryk,67,65,239
,Patryk,79,63,113
,Patryk,85,32,208
,Patryk,73,32,1
,Patryk,8,95,319
,Patryk,85,47,256
,Patryk,78,48,240
,Patryk,84,65,255
,Patryk,83,79,209
,Patryk,32,80,239
,Patryk,8,113,768
,Patryk,59,64,496
,Patryk,32,47,129
,Patryk,78,64,143
,Patryk,79,80,208
,Patryk,84,96,128
,Patryk,32,95,98
,Patryk,84,80,846
,Patryk,72,49,192
,Patryk,69,112,113
,Patryk,32,96,95
,Patryk,77,79,193
,Patryk,65,80,127
,Patryk,78,47,145
,Patryk,32,96,143
,Patryk,87,79,273
,Patryk,72,64,287
,Patryk,79,64,272
,Patryk,32,65,352
,Patryk,80,17,256
,Patryk,79,80,416
,Patryk,73,64,192
,Patryk,78,65,192
,Patryk,84,80,273
,Patryk,83,96,224
,Patryk,32,80,224
,Patryk,79,64,495
,Patryk,85,48,880
,Patryk,84,64,161
,Patryk,32,63,160
,Patryk,72,65,399
,Patryk,79,65,288
,Patryk,87,64,128
,Patryk,32,96,192
,Patryk,84,112,753
,Patryk,72,96,80
,Patryk,69,97,239
,Patryk,32,97,112
,Patryk,83,80,240
,Patryk,84,144,224
,Patryk,82,79,97
,Patryk,79,80,144
,Patryk,78,64,192
,Patryk,71,63,192
,Patryk,32,80,143
,Patryk,77,64,192
,Patryk,65,95,113
,Patryk,78,64,159
,Patryk,32,79,161
,Patryk,83,64,399
,Patryk,89,48,320
,Patryk,8,95,273
,Patryk,84,64,143
,Patryk,85,63,177
,Patryk,77,64,176
,Patryk,66,64,240
,Patryk,76,49,143
,Patryk,69,63,177
,Patryk,83,64,496
,Patryk,188,64,880
,Patryk,32,79,128
,Patryk,79,64,192
,Patryk,82,64,159
,Patryk,32,80,160
,Patryk,87,64,416
,Patryk,72,48,256
,Patryk,69,80,128
,Patryk,82,144,81
,Patryk,69,78,145
,Patryk,32,80,222
,Patryk,82,49,720
,Patryk,8,80,320
,Patryk,84,97,112
,Patryk,72,79,81
,Patryk,69,80,287
,Patryk,32,80,128
,Patryk,68,64,224
,Patryk,79,64,160
,Patryk,69,80,352
,Patryk,82,63,289
,Patryk,32,80,303
,Patryk,79,80,368
,Patryk,70,64,513
,Patryk,32,97,143
,Patryk,68,64,208
,Patryk,69,48,288
,Patryk,69,48,128
,Patryk,68,64,193
,Patryk,83,63,208
,Patryk,32,80,159
,Patryk,67,79,241
,Patryk,79,48,223
,Patryk,85,64,176
,Patryk,76,64,240
,Patryk,68,65,224
,Patryk,32,64,160
,Patryk,72,31,417
,Patryk,65,96,207
,Patryk,86,237,288
,Patryk,69,34,242
,Patryk,32,95,159
,Patryk,68,64,655
,Patryk,79,80,208
,Patryk,78,64,240
,Patryk,69,48,144
,Patryk,32,79,145
,Patryk,84,64,287
,Patryk,72,64,240
,Patryk,69,63,161
,Patryk,77,63,160
,Patryk,32,65,223
,Patryk,66,47,193
,Patryk,69,48,223
,Patryk,84,48,224
,Patryk,84,64,144
,Patryk,69,96,160
,Patryk,82,48,64
,Patryk,190,63,1153
,Patryk,32,81,127
,Patryk,16,368,240
,Patryk,84,97,272
,Patryk,72,47,321
,Patryk,69,63,112
,Patryk,32,95,112
,Patryk,67,64,543
,Patryk,82,128,256
,Patryk,69,80,96
,Patryk,68,48,257
,Patryk,73,64,223
,Patryk,84,48,176
,Patryk,32,80,1360
,Patryk,66,64,304
,Patryk,69,64,224
,Patryk,76,63,177
,Patryk,79,64,175
,Patryk,78,64,208
,Patryk,71,64,128
,Patryk,83,80,272
,Patryk,32,80,480
,Patryk,84,48,400
,Patryk,79,48,176
,Patryk,32,64,128
,Patryk,84,79,401
,Patryk,72,48,144
,Patryk,69,80,255
,Patryk,32,81,176
,Patryk,77,64,129
,Patryk,65,96,143
,Patryk,78,49,160
,Patryk,32,79,145
,Patryk,87,80,511
,Patryk,72,48,320
,Patryk,79,63,113
,Patryk,32,64,176
,Patryk,73,48,159
,Patryk,83,79,161
,Patryk,32,64,271
,Patryk,65,96,288
,Patryk,67,65,241
,Patryk,84,64,431
,Patryk,85,48,224
,Patryk,65,64,208
,Patryk,76,64,256
,Patryk,76,48,144
,Patryk,89,64,273
,Patryk,32,80,239
,Patryk,73,48,624
,Patryk,78,48,176
,Patryk,32,80,192
,Patryk,84,64,256
,Patryk,72,62,561
,Patryk,69,97,143
,Patryk,32,96,112
,Patryk,65,95,257
,Patryk,82,64,239
,Patryk,69,64,192
,Patryk,78,64,208
,Patryk,65,64,192
,Patryk,32,79,449
,Patryk,8,95,432
,Patryk,188,64,287
,Patryk,32,80,112
,Patryk,87,65,224
,Patryk,72,64,192
,Patryk,79,64,272
,Patryk,83,48,480
,Patryk,69,64,192
,Patryk,32,64,224
,Patryk,70,64,288
,Patryk,65,111,113
,Patryk,67,63,176
,Patryk,69,64,175
,Patryk,32,64,96
,Patryk,73,64,256
,Patryk,83,64,112
,Patryk,32,95,144
,Patryk,77,64,1472
,Patryk,65,80,224
,Patryk,82,64,432
,Patryk,82,80,160
,Patryk,69,79,192
,Patryk,68,48,288
,Patryk,32,64,192
,Patryk,66,48,352
,Patryk,89,64,336
,Patryk,32,80,112
,Patryk,68,80,224
,Patryk,85,64,240
,Patryk,83,48,144
,Patryk,84,47,240
,Patryk,32,96,176
,Patryk,65,79,640
,Patryk,78,64,160
,Patryk,68,64,192
,Patryk,32,79,160
,Patryk,83,48,352
,Patryk,87,48,272
,Patryk,69,64,208
,Patryk,65,64,176
,Patryk,84,64,176
,Patryk,32,80,288
,Patryk,65,64,576
,Patryk,78,64,176
,Patryk,68,63,193
,Patryk,32,79,128
,Patryk,66,48,271
,Patryk,76,64,256
,Patryk,79,48,240
,Patryk,79,31,160
,Patryk,68,79,241
,Patryk,59,65,719
,Patryk,32,32,512
,Patryk,8,79,400
,Patryk,87,64,192
,Patryk,72,80,112
,Patryk,79,64,288
,Patryk,32,79,641
,Patryk,83,80,239
,Patryk,84,144,288
,Patryk,82,48,112
,Patryk,73,64,144
,Patryk,86,79,192
,Patryk,69,63,304
,Patryk,83,64,256
,Patryk,32,95,224
,Patryk,86,79,912
,Patryk,65,64,224
,Patryk,76,64,192
,Patryk,73,64,240
,Patryk,65,64,592
,Patryk,78,47,208
,Patryk,84,48,304
,Patryk,76,64,320
,Patryk,89,48,304
,Patryk,59,79,1536
,Patryk,32,242,129
,Patryk,87,40,247
,Patryk,72,48,120
,Patryk,79,64,720
,Patryk,32,64,192
,Patryk,69,64,288
,Patryk,82,48,240
,Patryk,82,48,128
,Patryk,83,64,240
,Patryk,188,63,1264
,Patryk,32,47,161
,Patryk,87,48,191
,Patryk,72,47,176
,Patryk,79,80,256
,Patryk,32,96,543
,Patryk,67,79,465
,Patryk,79,64,112
,Patryk,77,63,176
,Patryk,69,48,112
,Patryk,83,48,192
,Patryk,32,79,208
,Patryk,65,79,336
,Patryk,72,64,432
,Patryk,79,64,240
,Patryk,82,80,144
,Patryk,84,64,192
,Patryk,32,96,128
,Patryk,65,96,224
,Patryk,71,64,208
,Patryk,65,64,192
,Patryk,73,64,128
,Patryk,78,64,192
,Patryk,32,80,1008
,Patryk,65,64,208
,Patryk,78,64,288
,Patryk,68,64,144
,Patryk,32,31,208
,Patryk,65,79,144
,Patryk,71,80,304
,Patryk,65,64,223
,Patryk,73,63,145
,Patryk,78,47,192
,Patryk,188,64,576
,Patryk,32,48,304
,Patryk,66,48,144
,Patryk,69,64,112
,Patryk,67,79,224
,Patryk,65,65,207
,Patryk,85,48,257
,Patryk,83,80,111
,Patryk,69,64,209
,Patryk,32,64,608
,Patryk,84,96,416
,Patryk,72,64,160
,Patryk,69,112,192
,Patryk,82,96,80
,Patryk,69,64,704
,Patryk,32,64,223
,Patryk,73,63,145
,Patryk,83,97,143
,Patryk,32,80,689
,Patryk,78,63,208
,Patryk,79,63,257
,Patryk,32,64,159
,Patryk,69,65,303
,Patryk,70,49,224
,Patryk,70,65,144
,Patryk,79,64,209
,Patryk,82,64,144
,Patryk,84,49,191
,Patryk,32,79,609
,Patryk,87,64,223
,Patryk,73,47,449
,Patryk,84,63,160
,Patryk,72,64,271
,Patryk,79,64,337
,Patryk,85,64,240
,Patryk,82,64,160
,Patryk,32,96,159
,Patryk,8,63,449
,Patryk,8,81,831
,Patryk,84,64,145
,Patryk,32,97,159
,Patryk,69,64,385
,Patryk,82,31,240
,Patryk,82,64,144
,Patryk,79,64,160
,Patryk,82,48,128
,Patryk,32,80,192
,Patryk,65,79,832
,Patryk,78,48,224
,Patryk,68,64,128
,Patryk,32,64,256
,Patryk,83,79,448
,Patryk,72,47,240
,Patryk,79,47,272
,Patryk,82,65,95
,Patryk,84,48,176
,Patryk,67,95,1041
,Patryk,79,47,192
,Patryk,77,47,224
,Patryk,73,64,192
,Patryk,78,63,192
,Patryk,71,64,207
,Patryk,32,79,593
,Patryk,66,31,256
,Patryk,85,64,223
,Patryk,84,64,161
,Patryk,32,96,144
,Patryk,87,64,271
,Patryk,72,48,177
,Patryk,79,80,816
,Patryk,32,80,175
,Patryk,68,81,240
,Patryk,79,64,161
,Patryk,69,64,304
,Patryk,83,64,207
,Patryk,32,80,225
,Patryk,65,79,256
,Patryk,67,48,272
,Patryk,84,64,448
,Patryk,85,64,224
,Patryk,65,80,127
,Patryk,76,47,241
,Patryk,76,33,159
,Patryk,89,64,161
,Patryk,32,80,400
,Patryk,83,64,511
,Patryk,84,112,241
,Patryk,82,79,64
,Patryk,73,64,191
,Patryk,67,63,193
,Patryk,8,64,351
,Patryk,86,47,97
,Patryk,69,80,175
,Patryk,32,64,192
,Patryk,84,80,640
,Patryk,79,64,192
,Patryk,32,96,112
,Patryk,68,81,2112
,Patryk,79,64,240
,Patryk,32,64,176
,Patryk,84,63,353
,Patryk,72,48,1184
,Patryk,69,80,208
,Patryk,32,80,127
,Patryk,68,79,241
,Patryk,68,63,432
,Patryk,8,80,655
,Patryk,69,63,177
,Patryk,69,65,367
,Patryk,83,81,240
,Patryk,8,65,288
,Patryk,68,112,113
,Patryk,83,97,79
,Patryk,59,80,800
,Patryk,32,96,128
,Patryk,87,81,208
,Patryk,72,48,209
,Patryk,79,64,431
,Patryk,32,95,289
,Patryk,75,79,624
,Patryk,78,64,271
,Patryk,87,80,144
,Patryk,79,64,113
,Patryk,83,64,144
,Patryk,32,80,655
,Patryk,71,79,417
,Patryk,82,96,239
,Patryk,69,49,272
,Patryk,65,97,288
,Patryk,84,80,240
,Patryk,32,113,208
,Patryk,65,64,352
,Patryk,8,79,289
,Patryk,69,65,111
,Patryk,78,48,160
,Patryk,84,79,401
,Patryk,72,64,319
,Patryk,85,64,1392
,Patryk,83,65,240
,Patryk,73,194,240
,Patryk,65,64,257
,Patryk,83,63,768
,Patryk,77,63,128
,Patryk,83,49,479
,Patryk,188,64,641
,Patryk,32,64,128
,Patryk,84,111,304
,Patryk,72,31,144
,Patryk,69,159,304
,Patryk,32,96,144
,Patryk,71,145,287
,Patryk,82,96,112
,Patryk,69,80,352
,Patryk,65,79,225
,Patryk,84,48,239
,Krystian,80,80,136
,Krystian,76,80,192
,Krystian,73,96,168
,Krystian,69,118,98
,Krystian,83,127,71
,Krystian,32,88,303
,Krystian,73,104,192
,Krystian,84,118,106
,Krystian,32,104,94
,Krystian,87,80,144
,Krystian,73,96,144
,Krystian,84,80,160
,Krystian,72,104,96
,Krystian,32,80,136
,Krystian,84,97,264
,Krystian,72,104,120
,Krystian,69,128,80
,Krystian,32,88,96
,Krystian,67,112,184
,Krystian,69,70,1354
,Krystian,78,88,142
,Krystian,69,78,90
,Krystian,67,120,222
,Krystian,65,112,144
,Krystian,83,80,200
,Krystian,89,88,208
,Krystian,32,96,704
,Krystian,82,104,296
,Krystian,69,94,474
,Krystian,71,145,246
,Krystian,69,88,104
,Krystian,76,104,256
,Krystian,73,112,448
,Krystian,65,96,224
,Krystian,76,80,184
,Krystian,73,32,256
,Krystian,65,80,88
,Krystian,190,89,472
,Krystian,32,96,112
,Krystian,73,80,117
,Krystian,84,128,168
,Krystian,83,138,112
,Krystian,32,93,139
,Krystian,73,80,189
,Krystian,83,150,82
,Krystian,32,104,110
,Krystian,65,128,136
,Krystian,32,80,112
,Krystian,80,88,216
,Krystian,65,120,192
,Krystian,82,160,176
,Krystian,65,120,96
,Krystian,68,135,225
,Krystian,69,136,159
,Krystian,83,128,376
,Krystian,69,104,360
,Krystian,77,80,200
,Krystian,65,102,82
,Krystian,84,80,190
,Krystian,73,80,168
,Krystian,67,144,144
,Krystian,32,102,146
,Krystian,67,90,238
,Krystian,79,80,112
,Krystian,85,80,168
,Krystian,78,112,192
,Krystian,84,79,81
,Krystian,82,78,521
,Krystian,89,80,214
,Krystian,32,104,696
,Krystian,73,136,192
,Krystian,78,96,112
,Krystian,32,168,1379
,Krystian,87,88,448
,Krystian,72,136,112
,Krystian,73,95,80
,Krystian,67,88,160
,Krystian,72,112,103
,Krystian,32,120,488
,Krystian,82,96,248
,Krystian,79,88,111
,Krystian,65,120,161
,Krystian,83,96,352
,Krystian,84,135,216
,Krystian,69,112,104
,Krystian,68,137,367
,Krystian,32,103,138
,Krystian,80,88,191
,Krystian,65,127,112
,Krystian,82,103,80
,Krystian,84,121,199
,Krystian,83,130,96
,Krystian,32,85,132
,Krystian,79,104,141
,Krystian,70,135,105
,Krystian,32,119,87
,Krystian,83,80,231
,Krystian,69,63,193
,Krystian,78,96,95
,Krystian,84,128,112
,Krystian,69,70,130
,Krystian,78,87,160
,Krystian,67,121,143
,Krystian,69,87,185
,Krystian,83,151,191
,Krystian,32,79,112
,Krystian,70,87,184
,Krystian,76,56,111
,Krystian,89,87,369
,Krystian,32,88,192
,Krystian,73,72,431
,Krystian,78,120,152
,Krystian,84,87,121
,Krystian,79,88,104
,Krystian,32,96,103
,Krystian,89,79,441
,Krystian,79,111,120
,Krystian,85,128,71
,Krystian,82,135,105
,Krystian,32,104,103
,Krystian,77,103,169
,Krystian,79,87,216
,Krystian,85,63,216
,Krystian,84,96,280
,Krystian,72,94,97
,Krystian,190,95,311
,Krystian,32,88,200
,Krystian,69,111,183
,Krystian,86,128,271
,Krystian,69,105,105
,Krystian,78,89,159
,Krystian,32,94,90
,Krystian,84,95,303
,Krystian,72,112,127
,Krystian,69,119,121
,Krystian,32,128,88
,Krystian,65,85,130
,Krystian,76,56,109
,Krystian,76,72,136
,Krystian,189,79,377
,Krystian,80,136,231
,Krystian,79,103,97
,Krystian,87,152,63
,Krystian,69,104,80
,Krystian,82,88,192
,Krystian,70,89,216
,Krystian,85,86,90
,Krystian,76,63,231
,Krystian,76,79,144
,Krystian,32,87,552
,Krystian,80,80,112
,Krystian,79,87,224
,Krystian,73,79,216
,Krystian,78,96,175
,Krystian,84,104,161
,Krystian,73,71,105
,Krystian,78,105,166
,Krystian,71,142,106
,Krystian,32,95,119
,Krystian,72,112,191
,Krystian,65,120,136
,Krystian,83,175,97
,Krystian,32,95,120
,Krystian,78,127,168
,Krystian,79,111,88
,Krystian,32,110,113
,Krystian,67,88,142
,Krystian,79,63,89
,Krystian,78,104,143
,Krystian,84,72,72
,Krystian,82,96,184
,Krystian,79,72,80
,Krystian,76,96,185
,Krystian,32,101,98
,Krystian,65,94,167
,Krystian,66,48,110
,Krystian,79,88,168
,Krystian,85,104,248
,Krystian,84,111,265
,Krystian,32,87,177
,Krystian,84,80,255
,Krystian,72,128,103
,Krystian,69,127,130
,Krystian,32,95,71
,Krystian,66,87,208
,Krystian,76,54,89
,Krystian,73,64,167
,Krystian,78,96,159
,Krystian,68,103,193
,Krystian,32,80,287
,Krystian,84,120,192
,Krystian,69,120,80
,Krystian,88,143,273
,Krystian,84,128,111
,Krystian,83,135,865
,Krystian,32,112,96
,Krystian,73,96,215
,Krystian,84,145,200
,Krystian,32,77,148
,Krystian,73,96,380
,Krystian,83,126,98
,Krystian,32,104,86
,Krystian,65,80,200
,Krystian,78,104,120
,Krystian,32,96,480
,Krystian,65,64,224
,Krystian,76,88,144
,Krystian,77,136,184
,Krystian,79,128,104
,Krystian,83,144,256
,Krystian,84,143,145
,Krystian,32,96,119
,Krystian,85,80,480
,Krystian,78,97,192
,Krystian,79,88,624
,Krystian,82,104,120
,Krystian,84,104,544
,Krystian,79,94,578
,Krystian,72,128,246
,Krystian,71,63,706
,Krystian,82,136,206
,Krystian,65,96,96
,Krystian,80,80,120
,Krystian,73,95,185
,Krystian,67,112,247
,Krystian,32,96,344
,Krystian,76,104,248
,Krystian,79,80,197
,Krystian,78,96,296
,Krystian,69,128,152
,Krystian,32,121,104
,Krystian,77,117,123
,Krystian,79,114,69
,Krystian,82,111,152
,Krystian,78,128,95
,Krystian,73,113,80
,Krystian,78,96,160
,Krystian,71,96,137
,Krystian,188,104,304
,Krystian,32,94,106
,Krystian,87,80,302
,Krystian,72,88,104
,Krystian,69,88,112
,Krystian,78,94,90
,Krystian,32,95,95
,Krystian,71,64,127
,Krystian,82,144,216
,Krystian,69,128,96
,Krystian,71,64,216
,Krystian,79,96,112
,Krystian,82,133,98
,Krystian,32,112,94
,Krystian,83,120,200
,Krystian,65,103,96
,Krystian,77,97,119
,Krystian,83,151,89
,Krystian,65,144,120
,Krystian,32,88,160
,Krystian,87,96,160
,Krystian,79,166,98
,Krystian,75,135,110
,Krystian,69,103,136
,Krystian,32,128,79
,Krystian,70,96,249
,Krystian,82,80,208
,Krystian,79,134,82
,Krystian,77,96,78
,Krystian,32,71,97
,Krystian,84,104,623
,Krystian,82,88,496
,Krystian,79,65,160
,Krystian,85,88,304
,Krystian,66,88,248
,Krystian,76,80,128
,Krystian,69,95,152
,Krystian,68,153,208
,Krystian,32,112,120
,Krystian,68,80,168
,Krystian,82,120,192
,Krystian,69,136,88
,Krystian,65,102,138
,Krystian,77,88,142
,Krystian,83,80,120
,Krystian,188,56,184
,Krystian,32,112,784
,Krystian,72,88,192
,Krystian,69,168,104
,Krystian,32,104,104
,Krystian,70,88,208
,Krystian,79,64,104
,Krystian,85,80,208
,Krystian,78,88,200
,Krystian,68,136,112
,Krystian,32,88,104
,Krystian,72,80,352
,Krystian,73,64,104
,Krystian,77,94,146
,Krystian,83,79,118
,Krystian,69,103,208
,Krystian,76,72,472
,Krystian,70,160,96
,Krystian,32,135,120
,Krystian,84,71,345
,Krystian,82,136,183
,Krystian,65,112,96
,Krystian,78,80,144
,Krystian,83,95,81
,Krystian,70,112,1151
,Krystian,79,88,504
,Krystian,82,96,160
,Krystian,77,96,80
,Krystian,69,80,112
,Krystian,68,136,184
,Krystian,32,104,96
,Krystian,73,120,136
,Krystian,78,104,96
,Krystian,32,87,105
,Krystian,72,152,191
,Krystian,73,112,104
,Krystian,83,150,354
,Krystian,32,105,110
,Krystian,66,88,640
,Krystian,69,88,72
,Krystian,68,127,192
,Krystian,32,121,95
,Krystian,73,72,122
,Krystian,78,72,111
,Krystian,84,96,128
,Krystian,79,112,72
,Krystian,32,80,88
,Krystian,65,128,104
,Krystian,32,80,96
,Krystian,72,55,449
,Krystian,79,88,103
,Krystian,82,72,112
,Krystian,82,64,152
,Krystian,73,72,160
,Krystian,66,79,73
,Krystian,76,105,135
,Krystian,69,126,105
,Krystian,32,105,94
,Krystian,86,104,441
,Krystian,69,112,168
,Krystian,82,88,152
,Krystian,77,136,128
,Krystian,73,112,80
,Krystian,78,112,200
,Krystian,190,93,938
,Krystian,32,96,150
,Krystian,72,89,167
,Krystian,69,136,353
,Krystian,32,95,112
,Krystian,76,97,136
,Krystian,65,96,207
,Krystian,89,80,192
,Krystian,32,88,233
,Krystian,79,119,168
,Krystian,78,103,88
,Krystian,32,95,160
,Krystian,72,143,728
,Krystian,73,119,88
,Krystian,83,136,96
,Krystian,32,104,112
,Krystian,65,96,200
,Krystian,82,88,231
,Krystian,77,135,1033
,Krystian,79,71,88
,Krystian,85,80,224
,Krystian,82,87,120
,Krystian,32,104,856
,Krystian,76,55,240
,Krystian,73,80,199
,Krystian,75,79,201
,Krystian,69,159,104
,Krystian,32,136,111
,Krystian,66,111,1377
,Krystian,65,103,264
,Krystian,67,104,135
,Krystian,75,120,136
,Krystian,32,104,841
,Krystian,65,81,151
,Krystian,78,111,82
,Krystian,68,116,114
,Krystian,32,103,85
,Krystian,73,87,184
,Krystian,70,135,96
,Krystian,32,104,95
,Krystian,72,112,192
,Krystian,69,128,120
,Krystian,32,95,89
,Krystian,76,72,119
,Krystian,73,72,168
,Krystian,70,80,104
,Krystian,84,135,193
,Krystian,69,111,96
,Krystian,68,144,191
,Krystian,32,111,105
,Krystian,72,103,456
,Krystian,73,112,72
,Krystian,83,143,72
,Krystian,32,96,111
,Krystian,72,91,733
,Krystian,69,159,92
,Krystian,65,128,111
,Krystian,68,144,208
,Krystian,32,111,121
,Krystian,65,126,249
,Krystian,32,96,86
,Krystian,76,62,178
,Krystian,73,74,174
,Krystian,84,61,75
,Krystian,84,66,149
,Krystian,76,79,169
,Krystian,69,152,103
,Krystian,32,106,120
,Krystian,72,71,521
,Krystian,69,128,207
,Krystian,32,103,89
,Krystian,67,79,216
,Krystian,79,168,103
,Krystian,85,104,112
,Krystian,76,112,248
,Krystian,68,143,113
,Krystian,32,118,145
,Krystian,83,146,142
,Krystian,69,144,112
,Krystian,32,86,146
,Krystian,69,102,3729
,Krystian,32,120,1118
,Krystian,72,152,208
,Krystian,73,112,112
,Krystian,83,160,80
,Krystian,32,104,104
,Krystian,66,104,200
,Krystian,82,80,120
,Krystian,79,80,112
,Krystian,87,80,136
,Krystian,78,118,82
,Krystian,32,94,120
,Krystian,66,96,158
,Krystian,69,78,98
,Krystian,76,64,134
,Krystian,76,80,136
,Krystian,89,112,312
,Krystian,32,80,216
,Krystian,83,96,1064
,Krystian,76,54,98
,Krystian,73,87,158
,Krystian,71,112,200
,Krystian,72,128,776
,Krystian,84,72,808
,Krystian,76,88,744
,Krystian,89,88,112
,Krystian,32,97,648
,Krystian,68,81,184
,Krystian,79,69,83
,Krystian,77,104,125
,Krystian,69,79,672
,Krystian,68,160,216
,Krystian,32,128,112
,Krystian,65,79,153
,Krystian,78,88,119
,Krystian,68,119,89
,Krystian,32,112,95
,Krystian,68,87,185
,Krystian,73,71,88
,Krystian,86,105,151
,Krystian,73,72,144
,Krystian,68,175,121
,Krystian,69,103,152
,Krystian,68,136,175
,Krystian,32,96,104
,Krystian,66,136,208
,Krystian,89,112,80
,Krystian,32,79,89
,Krystian,65,120,103
,Krystian,82,96,80
,Krystian,67,104,200
,Krystian,72,102,106
,Krystian,69,113,149
,Krystian,83,158,163
,Krystian,32,80,134
,Krystian,73,80,152
,Krystian,78,88,128
,Krystian,84,96,112
,Krystian,79,102,98
,Krystian,32,86,104
,Krystian,83,79,118
,Krystian,84,64,208
,Krystian,73,80,240
,Krystian,70,88,120
,Krystian,70,135,185
,Krystian,32,104,103
,Krystian,67,128,208
,Krystian,83,152,1048
,Krystian,69,88,768
,Krystian,67,97,247
,Krystian,84,80,249
,Krystian,73,120,104
,Krystian,79,96,88
,Krystian,78,88,192