Patryk,65,79,208
Patryk,84,177,335
Patryk,75,64,111
Patryk,82,128,97
Patryk,16,798,0
Patryk,80,65,4
Patryk,89,64,192
Patryk,9,79,690
Patryk,16,208,303
Patryk,73,63,192
Patryk,84,80,240
Patryk,32,80,144
Patryk,73,64,352
Patryk,83,80,127
Patryk,32,64,145
Patryk,78,63,144
Patryk,79,64,208
Patryk,84,64,111
Patryk,32,94,67
Patryk,84,65,285
Patryk,72,47,193
Patryk,69,80,175
Patryk,32,79,82
Patryk,87,63,239
Patryk,8,96,640
Patryk,67,63,288
Patryk,82,64,608
Patryk,8,79,320
Patryk,82,48,511
Patryk,73,64,112
Patryk,84,80,208
Patryk,73,64,192
Patryk,67,80,177
Patryk,32,64,176
Patryk,87,48,192
Patryk,72,63,112
Patryk,79,64,351
Patryk,32,79,161
Patryk,67,65,239
Patryk,79,63,113
Patryk,85,32,208
Patryk,73,32,1
Patryk,8,95,319
Patryk,85,47,256
Patryk,78,48,240
Patryk,84,65,255
Patryk,83,79,209
Patryk,32,80,239
Patryk,8,113,768
Patryk,59,64,496
Patryk,32,47,129
Patryk,78,64,143
Patryk,79,80,208
Patryk,84,96,128
Patryk,32,95,98
Patryk,84,80,846
Patryk,72,49,192
Patryk,69,112,113
Patryk,32,96,95
Patryk,77,79,193
Patryk,65,80,127
Patryk,78,47,145
Patryk,32,96,143
Patryk,87,79,273
Patryk,72,64,287
Patryk,79,64,272
Patryk,32,65,352
Patryk,80,17,256
Patryk,79,80,416
Patryk,73,64,192
Patryk,78,65,192
Patryk,84,80,273
Patryk,83,96,224
Patryk,32,80,224
Patryk,79,64,495
Patryk,85,48,880
Patryk,84,64,161
Patryk,32,63,160
Patryk,72,65,399
Patryk,79,65,288
Patryk,87,64,128
Patryk,32,96,192
Patryk,84,112,753
Patryk,72,96,80
Patryk,69,97,239
Patryk,32,97,112
Patryk,83,80,240
Patryk,84,144,224
Patryk,82,79,97
Patryk,79,80,144
Patryk,78,64,192
Patryk,71,63,192
Patryk,32,80,143
Patryk,77,64,192
Patryk,65,95,113
Patryk,78,64,159
Patryk,32,79,161
Patryk,83,64,399
Patryk,89,48,320
Patryk,8,95,273
Patryk,84,64,143
Patryk,85,63,177
Patryk,77,64,176
Patryk,66,64,240
Patryk,76,49,143
Patryk,69,63,177
Patryk,83,64,496
Patryk,188,64,880
Patryk,32,79,128
Patryk,79,64,192
Patryk,82,64,159
Patryk,32,80,160
Patryk,87,64,416
Patryk,72,48,256
Patryk,69,80,128
Patryk,82,144,81
Patryk,69,78,145
Patryk,32,80,222
Patryk,82,49,720
Patryk,8,80,320
Patryk,84,97,112
Patryk,72,79,81
Patryk,69,80,287
Patryk,32,80,128
Patryk,68,64,224
Patryk,79,64,160
Patryk,69,80,352
Patryk,82,63,289
Patryk,32,80,303
Patryk,79,80,368
Patryk,70,64,513
Patryk,32,97,143
Patryk,68,64,208
Patryk,69,48,288
Patryk,69,48,128
Patryk,68,64,193
Patryk,83,63,208
Patryk,32,80,159
Patryk,67,79,241
Patryk,79,48,223
Patryk,85,64,176
Patryk,76,64,240
Patryk,68,65,224
Patryk,32,64,160
Patryk,72,31,417
Patryk,65,96,207
Patryk,86,237,288
Patryk,69,34,242
Patryk,32,95,159
Patryk,68,64,655
Patryk,79,80,208
Patryk,78,64,240
Patryk,69,48,144
Patryk,32,79,145
Patryk,84,64,287
Patryk,72,64,240
Patryk,69,63,161
Patryk,77,63,160
Patryk,32,65,223
Patryk,66,47,193
Patryk,69,48,223
Patryk,84,48,224
Patryk,84,64,144
Patryk,69,96,160
Patryk,82,48,64
Patryk,190,63,1153
Patryk,32,81,127
Patryk,16,368,240
Patryk,84,97,272
Patryk,72,47,321
Patryk,69,63,112
Patryk,32,95,112
Patryk,67,64,543
Patryk,82,128,256
Patryk,69,80,96
Patryk,68,48,257
Patryk,73,64,223
Patryk,84,48,176
Patryk,32,80,1360
Patryk,66,64,304
Patryk,69,64,224
Patryk,76,63,177
Patryk,79,64,175
Patryk,78,64,208
Patryk,71,64,128
Patryk,83,80,272
Patryk,32,80,480
Patryk,84,48,400
Patryk,79,48,176
Patryk,32,64,128
Patryk,84,79,401
Patryk,72,48,144
Patryk,69,80,255
Patryk,32,81,176
Patryk,77,64,129
Patryk,65,96,143
Patryk,78,49,160
Patryk,32,79,145
Patryk,87,80,511
Patryk,72,48,320
Patryk,79,63,113
Patryk,32,64,176
Patryk,73,48,159
Patryk,83,79,161
Patryk,32,64,271
Patryk,65,96,288
Patryk,67,65,241
Patryk,84,64,431
Patryk,85,48,224
Patryk,65,64,208
Patryk,76,64,256
Patryk,76,48,144
Patryk,89,64,273
Patryk,32,80,239
Patryk,73,48,624
Patryk,78,48,176
Patryk,32,80,192
Patryk,84,64,256
Patryk,72,62,561
Patryk,69,97,143
Patryk,32,96,112
Patryk,65,95,257
Patryk,82,64,239
Patryk,69,64,192
Patryk,78,64,208
Patryk,65,64,192
Patryk,32,79,449
Patryk,8,95,432
Patryk,188,64,287
Patryk,32,80,112
Patryk,87,65,224
Patryk,72,64,192
Patryk,79,64,272
Patryk,83,48,480
Patryk,69,64,192
Patryk,32,64,224
Patryk,70,64,288
Patryk,65,111,113
Patryk,67,63,176
Patryk,69,64,175
Patryk,32,64,96
Patryk,73,64,256
Patryk,83,64,112
Patryk,32,95,144
Patryk,77,64,1472
Patryk,65,80,224
Patryk,82,64,432
Patryk,82,80,160
Patryk,69,79,192
Patryk,68,48,288
Patryk,32,64,192
Patryk,66,48,352
Patryk,89,64,336
Patryk,32,80,112
Patryk,68,80,224
Patryk,85,64,240
Patryk,83,48,144
Patryk,84,47,240
Patryk,32,96,176
Patryk,65,79,640
Patryk,78,64,160
Patryk,68,64,192
Patryk,32,79,160
Patryk,83,48,352
Patryk,87,48,272
Patryk,69,64,208
Patryk,65,64,176
Patryk,84,64,176
Patryk,32,80,288
Patryk,65,64,576
Patryk,78,64,176
Patryk,68,63,193
Patryk,32,79,128
Patryk,66,48,271
Patryk,76,64,256
Patryk,79,48,240
Patryk,79,31,160
Patryk,68,79,241
Patryk,59,65,719
Patryk,32,32,512
Patryk,8,79,400
Patryk,87,64,192
Patryk,72,80,112
Patryk,79,64,288
Patryk,32,79,641
Patryk,83,80,239
Patryk,84,144,288
Patryk,82,48,112
Patryk,73,64,144
Patryk,86,79,192
Patryk,69,63,304
Patryk,83,64,256
Patryk,32,95,224
Patryk,86,79,912
Patryk,65,64,224
Patryk,76,64,192
Patryk,73,64,240
Patryk,65,64,592
Patryk,78,47,208
Patryk,84,48,304
Patryk,76,64,320
Patryk,89,48,304
Patryk,59,79,1536
Patryk,32,242,129
Patryk,87,40,247
Patryk,72,48,120
Patryk,79,64,720
Patryk,32,64,192
Patryk,69,64,288
Patryk,82,48,240
Patryk,82,48,128
Patryk,83,64,240
Patryk,188,63,1264
Patryk,32,47,161
Patryk,87,48,191
Patryk,72,47,176
Patryk,79,80,256
Patryk,32,96,543
Patryk,67,79,465
Patryk,79,64,112
Patryk,77,63,176
Patryk,69,48,112
Patryk,83,48,192
Patryk,32,79,208
Patryk,65,79,336
Patryk,72,64,432
Patryk,79,64,240
Patryk,82,80,144
Patryk,84,64,192
Patryk,32,96,128
Patryk,65,96,224
Patryk,71,64,208
Patryk,65,64,192
Patryk,73,64,128
Patryk,78,64,192
Patryk,32,80,1008
Patryk,65,64,208
Patryk,78,64,288
Patryk,68,64,144
Patryk,32,31,208
Patryk,65,79,144
Patryk,71,80,304
Patryk,65,64,223
Patryk,73,63,145
Patryk,78,47,192
Patryk,188,64,576
Patryk,32,48,304
Patryk,66,48,144
Patryk,69,64,112
Patryk,67,79,224
Patryk,65,65,207
Patryk,85,48,257
Patryk,83,80,111
Patryk,69,64,209
Patryk,32,64,608
Patryk,84,96,416
Patryk,72,64,160
Patryk,69,112,192
Patryk,82,96,80
Patryk,69,64,704
Patryk,32,64,223
Patryk,73,63,145
Patryk,83,97,143
Patryk,32,80,689
Patryk,78,63,208
Patryk,79,63,257
Patryk,32,64,159
Patryk,69,65,303
Patryk,70,49,224
Patryk,70,65,144
Patryk,79,64,209
Patryk,82,64,144
Patryk,84,49,191
Patryk,32,79,609
Patryk,87,64,223
Patryk,73,47,449
Patryk,84,63,160
Patryk,72,64,271
Patryk,79,64,337
Patryk,85,64,240
Patryk,82,64,160
Patryk,32,96,159
Patryk,8,63,449
Patryk,8,81,831
Patryk,84,64,145
Patryk,32,97,159
Patryk,69,64,385
Patryk,82,31,240
Patryk,82,64,144
Patryk,79,64,160
Patryk,82,48,128
Patryk,32,80,192
Patryk,65,79,832
Patryk,78,48,224
Patryk,68,64,128
Patryk,32,64,256
Patryk,83,79,448
Patryk,72,47,240
Patryk,79,47,272
Patryk,82,65,95
Patryk,84,48,176
Patryk,67,95,1041
Patryk,79,47,192
Patryk,77,47,224
Patryk,73,64,192
Patryk,78,63,192
Patryk,71,64,207
Patryk,32,79,593
Patryk,66,31,256
Patryk,85,64,223
Patryk,84,64,161
Patryk,32,96,144
Patryk,87,64,271
Patryk,72,48,177
Patryk,79,80,816
Patryk,32,80,175
Patryk,68,81,240
Patryk,79,64,161
Patryk,69,64,304
Patryk,83,64,207
Patryk,32,80,225
Patryk,65,79,256
Patryk,67,48,272
Patryk,84,64,448
Patryk,85,64,224
Patryk,65,80,127
Patryk,76,47,241
Patryk,76,33,159
Patryk,89,64,161
Patryk,32,80,400
Patryk,83,64,511
Patryk,84,112,241
Patryk,82,79,64
Patryk,73,64,191
Patryk,67,63,193
Patryk,8,64,351
Patryk,86,47,97
Patryk,69,80,175
Patryk,32,64,192
Patryk,84,80,640
Patryk,79,64,192
Patryk,32,96,112
Patryk,68,81,2112
Patryk,79,64,240
Patryk,32,64,176
Patryk,84,63,353
Patryk,72,48,1184
Patryk,69,80,208
Patryk,32,80,127
Patryk,68,79,241
Patryk,68,63,432
Patryk,8,80,655
Patryk,69,63,177
Patryk,69,65,367
Patryk,83,81,240
Patryk,8,65,288
Patryk,68,112,113
Patryk,83,97,79
Patryk,59,80,800
Patryk,32,96,128
Patryk,87,81,208
Patryk,72,48,209
Patryk,79,64,431
Patryk,32,95,289
Patryk,75,79,624
Patryk,78,64,271
Patryk,87,80,144
Patryk,79,64,113
Patryk,83,64,144
Patryk,32,80,655
Patryk,71,79,417
Patryk,82,96,239
Patryk,69,49,272
Patryk,65,97,288
Patryk,84,80,240
Patryk,32,113,208
Patryk,65,64,352
Patryk,8,79,289
Patryk,69,65,111
Patryk,78,48,160
Patryk,84,79,401
Patryk,72,64,319
Patryk,85,64,1392
Patryk,83,65,240
Patryk,73,194,240
Patryk,65,64,257
Patryk,83,63,768
Patryk,77,63,128
Patryk,83,49,479
Patryk,188,64,641
Patryk,32,64,128
Patryk,84,111,304
Patryk,72,31,144
Patryk,69,159,304
Patryk,32,96,144
Patryk,71,145,287
Patryk,82,96,112
Patryk,69,80,352
Patryk,65,79,225
Patryk,84,48,239
